﻿State,Population,Growth,Majority
North Carolina,10698973,0.0851,N
Texas,30029572,0.1336,R
Ohio,11756058,0.0222,N
Arkansas,3045637,0.0315,R
Mississippi,2940057,-0.002,R
Tennessee,7051339,0.0804,R
Missouri,6177957,0.0268,R
Alabama,5074296,0.0482,R
Arizona,7359197,0.104,N
Massachusetts,6981974,0.0677,D
Rhode Island,1093734,0.0405,D
Maine,1385340,0.0248,D
South Dakota,909824,0.0804,R
West Virginia,1775156,-0.0333,R
Delaware,1018396,0.0912,D
Florida,22244823,0.1239,N
New Jersey,9261699,0.0529,D
Utah,3380800,0.1505,R
Nebraska,1967923,0.068,R
South Carolina,5282634,0.0945,R
Wyoming,581381,0.0228,R
Georgia,10912876,0.0938,N
Oklahoma,4019800,0.052,R
Colorado,5839926,0.1257,D
Kentucky,4512310,0.0367,R
Washington,7785786,0.1241,D
Nevada,3177772,0.1268,N
Michigan,10034113,0.0191,N
Connecticut,3626205,0.0088,D
Wisconsin,5892539,0.0348,N
Louisiana,4590241,0.0266,R
Hawaii,1440196,0.0644,D
Virginia,8683619,0.072,D
New Mexico,2113344,0.0274,D
Oregon,4240137,0.0941,D
North Dakota,779261,0.1331,R
New Hampshire,1395231,0.0439,D
Pennsylvania,12972008,0.023,N
Kansas,2937150,0.0287,R
Minnesota,5717184,0.0696,N
Indiana,6833037,0.0441,R
Idaho,1939033,0.1434,R
Montana,1122867,0.0859,R
Alaska,733583,0.0314,R
Maryland,6164660,0.0645,D
Vermont,647064,0.0268,D
New York,19677151,0.0404,D
California,39029342,0.0571,D
Iowa,3200517,0.0447,R
Illinois,12582032,-0.0014,D
